artist_id,date,royalties,instagram_followers,twitter_followers,track_release,sentiment,mentions_followers,num_posts,num_comments,mean_royalties_6m,std_instagram_followers_6m,growth_twitter_followers,growth_instagram_followers,sum_track_releases_6m,mean_sentiment_3m,sum_mentions_followers_3m,month
436lvfnz,7/1/2022,94291.905,5250688,643908,1,0.649122807,26326461,3,57,94291.905,0,0,0,1,0.649122807,26326461,7
436lvfnz,8/1/2022,90967.3,5283706,647332,0,0.493087558,26326461,7,217,92629.6025,23347.2517,3424,33018,1,0.571105182,52652922,8
436lvfnz,9/1/2022,96849.325,5316966,648728,1,0.703296703,0,5,91,94036.17667,33139.07363,1396,33260,2,0.615169023,52652922,9
436lvfnz,10/1/2022,94944.18,5346661,649390,0,0.548611111,50734,5,144,94263.1775,41478.03735,662,29695,2,0.581665124,26377195,10
436lvfnz,11/1/2022,93308.9,5403544,649732,1,0.557553957,26326461,10,278,94072.322,58780.37927,342,56883,3,0.603153924,26377195,11
436lvfnz,12/1/2022,186213.945,5478276,647940,1,0.614100186,0,14,539,109429.2592,83203.51325,-1792,74732,4,0.573421751,26377195,12
436lvfnz,1/1/2023,160005.74,5548104,647409,0,0.627906977,0,5,215,120381.565,101244.5239,-531,69828,3,0.599853706,26326461,1
436lvfnz,2/1/2023,128653.1,5599439,647383,0,0.692556634,143762358,8,309,126662.5317,112501.4717,-26,51335,3,0.644854599,143762358,2
436lvfnz,3/1/2023,146203.385,5641829,647096,0,0.651869159,1910490,10,428,134888.2083,114501.5233,-287,42390,2,0.657444257,145672848,3
436lvfnz,4/1/2023,146357.23,5705811,645120,1,0.608200456,0,11,439,143457.05,110238.7327,-1976,63982,3,0.650875416,145672848,4
436lvfnz,5/1/2023,126572.58,5754942,644070,0,0.623978202,2129506,8,367,149000.9967,101700.6345,-1050,49131,2,0.628015939,4039996,5
436lvfnz,6/1/2023,133059.76,5794507,642680,1,0.554347826,0,3,92,140141.9658,94371.11459,-1390,39565,2,0.595508828,2129506,6
436lvfnz,7/1/2023,122561.84,5813337,640066,0,0.466063348,1516794,10,221,133901.3158,85221.94548,-2614,18830,2,0.548129792,3646300,7
436lvfnz,8/1/2023,142243.155,5838782,639443,1,0.429752066,148486,8,363,136166.325,73687.41719,-623,25445,3,0.483387747,1665280,8
436lvfnz,9/1/2023,136571.275,5854833,639084,1,0.656716418,0,1,67,134560.9733,55466.3002,-359,16051,4,0.517510611,1665280,9
436lvfnz,10/1/2023,142272.94,5862239,639084,0,0.598930481,9712901,8,187,133880.2583,40686.01295,0,7406,3,0.561799655,9861387,10
436lvfnz,11/1/2023,153414.38,5862121,638608,1,0.497757848,0,5,223,138353.8917,28115.56508,-476,-118,4,0.584468249,9712901,11
436lvfnz,12/1/2023,148127.335,5862839,638608,0,0.430894309,0,5,123,140865.1542,19744.50235,0,718,3,0.509194213,9712901,12
436lvfnz,1/1/2024,143258.555,5859715,638388,1,0.717213115,0,7,244,144314.6067,9288.354869,-220,-3124,4,0.548621757,0,1
436lvfnz,2/1/2024,157493.235,5863435,639069,1,0.565495208,9536296,6,313,146856.2867,3214.79397,681,3720,4,0.571200877,9536296,2
436lvfnz,3/1/2024,153736.895,5863358,639049,1,0.570719603,144812611,9,403,149717.2233,1372.199366,-20,-77,4,0.617809308,154348907,3
436lvfnz,4/1/2024,139264.59,5863944,638229,1,0.723893805,4770126,16,565,149215.8317,1528.530101,-820,586,5,0.620036205,159119033,4
436lvfnz,5/1/2024,148547.975,5868722,638110,1,0.637010676,39872,8,281,148404.7642,2901.135186,-119,4778,5,0.643874695,149622609,5
436lvfnz,6/1/2024,124839.905,5875264,638205,1,0.486910995,23301348,4,191,144523.5258,5479.271655,95,6542,6,0.615938492,28111346,6
436lvfnz,7/1/2024,125718.215,5922482,638205,0,0.603846154,4770126,6,260,141600.1358,23138.24464,0,47218,5,0.575922608,28111346,7
436lvfnz,8/1/2024,120548.985,5925145,637952,0,0.804347826,112236,5,276,135442.7608,29239.59447,-253,2663,4,0.631701658,28183710,8
436lvfnz,9/1/2024,113795.075,5919051,638813,1,0.572614108,36076,6,241,128785.7908,29269.13433,861,-6094,4,0.660269363,4918438,9
436lvfnz,10/1/2024,175379.405,5916085,638966,1,0.573878628,4770126,11,758,134804.9267,25417.75228,153,-2966,4,0.650280187,4918438,10
436lvfnz,11/1/2024,183934.195,5918496,638056,1,0.667655786,10082297,16,1011,140702.63,18640.75803,-910,2411,4,0.604716174,14888499,11
436lvfnz,12/1/2024,146253.945,5913606,637245,1,0.711191336,7715504,5,277,144271.6367,4185.922189,-811,-4890,4,0.650908583,22567927,12
436lvfnz,1/1/2025,160610.26,5905372,637128,1,0.595903166,0,11,537,150086.9775,6593.165393,-117,-8234,5,0.658250096,17797801,1
436lvfnz,2/1/2025,163727.04,5896913,637017,1,0.318681319,7715504,19,819,157283.32,8737.350203,-111,-8459,6,0.541925273,15431008,2
436lvfnz,3/1/2025,158299.7,5892735,636955,1,0.517302573,7715504,23,1127,164700.7575,10639.35944,-62,-4178,6,0.477295686,15431008,3
5jwhbt0o,9/1/2022,33109.895,10871345,4300816,1,0.611111111,0,4,18,33109.895,0,0,0,1,0.611111111,0,9
5jwhbt0o,10/1/2022,28901.55,10961360,4300421,1,0.442105263,0,7,95,31005.7225,63650.21691,-395,90015,2,0.526608187,0,10
5jwhbt0o,11/1/2022,32172.85,11025419,4301756,0,0.568181818,0,7,176,31394.765,77400.53099,1335,64059,2,0.540466064,0,11
5jwhbt0o,12/1/2022,30148.325,11168846,4300216,0,0.611111111,0,3,144,31083.155,125191.0682,-1540,143427,2,0.540466064,0,12
5jwhbt0o,1/1/2023,26697.59,11351521,4299532,0,0.681372549,0,5,204,30206.042,188491.4998,-684,182675,2,0.620221826,0,1
5jwhbt0o,2/1/2023,24911.515,11484924,4297996,0,0.550724638,0,4,207,29323.62083,237348.2581,-1536,133403,2,0.614402766,0,2
5jwhbt0o,3/1/2023,26313.76,11676363,4294942,1,0.620037807,3184958,16,529,28190.93167,276726.7875,-3054,191439,2,0.617378331,3184958,3
5jwhbt0o,4/1/2023,29423.47,11853881,4285343,0,0.643137255,85815,4,255,28277.91833,310281.217,-9599,177518,1,0.604633233,3270773,4
5jwhbt0o,5/1/2023,26023.095,12002861,4282784,1,0.603286385,7847070,11,426,27252.95917,313952.0401,-2559,148980,2,0.622153816,11117843,5
5jwhbt0o,6/1/2023,28265.855,12151746,4273087,0,0.517571885,947598,10,313,26939.21417,306766.1704,-9697,148885,2,0.587998508,8880483,6
5jwhbt0o,7/1/2023,22607.19,12249784,4258552,0,0.389344262,0,2,244,26257.48083,290058.6414,-14535,98038,2,0.503400844,8794668,7
5jwhbt0o,8/1/2023,19969.4,12366502,4251844,0,0.475655431,2133384,4,267,25433.795,257188.0833,-6708,116718,2,0.460857193,3080982,8
5jwhbt0o,9/1/2023,17266.46,12471510,4245940,0,0.478947368,0,2,190,23925.91167,229397.8221,-5904,105008,1,0.447982354,2133384,9
5jwhbt0o,10/1/2023,18864.01,12555797,4245940,0,0.473958333,85,6,192,22166.00167,205942.8279,0,84287,1,0.476187044,2133469,10
5jwhbt0o,11/1/2023,17639.075,12587896,4283662,0,0.596774194,0,5,186,20768.665,173182.8277,37722,32099,0,0.516559965,85,11
5jwhbt0o,12/1/2023,16573.74,12615385,4283662,0,0.496551724,0,7,435,18819.97917,142468.3996,0,27489,0,0.522428084,85,12
5jwhbt0o,1/1/2024,15904.6,12615487,4283228,1,0.522862823,0,9,503,17702.88083,98581.80025,-434,102,1,0.53872958,0,1
5jwhbt0o,2/1/2024,18301.91,12614885,4280813,0,0.56568779,25593,13,647,17424.96583,56720.6849,-2415,-602,1,0.528367446,25593,2
5jwhbt0o,3/1/2024,19394.515,12607901,4277535,1,0.408071749,0,4,223,17779.64167,23915.58869,-3278,-6984,2,0.498874121,25593,3
5jwhbt0o,4/1/2024,15580.44,12568020,4268552,0,0.675675676,0,4,222,17232.38,19567.75267,-8983,-39881,2,0.549811738,25593,4
5jwhbt0o,5/1/2024,16542.535,12529651,4261176,0,0.588957055,0,6,163,17049.62333,35601.75721,-7376,-38369,2,0.55756816,0,5
5jwhbt0o,6/1/2024,13298.045,12498151,4256808,0,0.621621622,0,1,148,16503.67417,49560.76209,-4368,-31500,2,0.628751451,0,6
5jwhbt0o,7/1/2024,13136.74,12479016,4256808,1,0.556122449,0,3,196,16042.36417,56617.1306,0,-19135,2,0.588900375,0,7
5jwhbt0o,8/1/2024,14276.37,12459924,4241942,0,0.419354839,0,2,93,15371.44083,56224.97471,-14866,-19092,2,0.532366303,0,8
5jwhbt0o,9/1/2024,11851.815,12446665,4240637,0,0.737430168,0,0,179,14114.32417,45481.56668,-1305,-13259,1,0.570969152,0,9
5jwhbt0o,10/1/2024,14145.055,12435540,4236492,0,0.704678363,10517,4,342,13875.09333,35002.55321,-4145,-11125,1,0.62048779,10517,10
5jwhbt0o,11/1/2024,11978.04,12419537,4225323,0,0.672862454,0,4,269,13114.34417,28829.87124,-11169,-16003,1,0.704990328,10517,11
5jwhbt0o,12/1/2024,11503.49,12522023,4218036,0,0.756410256,0,1,78,12815.25167,36388.50162,-7287,102486,1,0.711317024,10517,12
5jwhbt0o,1/1/2025,12818.655,12402277,4214049,0,0.475247525,0,1,101,12762.2375,41662.13077,-3987,-119746,0,0.634840078,0,1
5jwhbt0o,2/1/2025,11886.305,12373635,4206444,0,0.657894737,0,0,76,12363.89333,50531.51087,-7605,-28642,0,0.629850839,0,2
5jwhbt0o,3/1/2025,11228.79,12346661,4202060,0,0.620437956,11129382,2,137,12260.05583,60702.48905,-4384,-26974,0,0.584526739,11129382,3
5t4iv6o3,9/1/2022,282171.83,4660019,2426411,0,0.662139219,1599362,14,589,282171.83,0,0,0,0,0.662139219,1599362,9
5t4iv6o3,10/1/2022,276265.455,4683380,2428385,1,0.674094708,204785031,25,1077,279218.6425,16518.72152,1974,23361,1,0.668116963,206384393,10
5t4iv6o3,11/1/2022,250606.115,4686543,2429068,0,0.608198284,204785031,22,1049,269681.1333,14487.14065,683,3163,1,0.64814407,411169424,11
5t4iv6o3,12/1/2022,249691.615,4687532,2429222,0,0.731457801,0,16,782,264683.7538,13020.64342,154,989,1,0.671250264,409570062,12
5t4iv6o3,1/1/2023,261619.725,4684086,2429687,1,0.648688047,2304572,13,686,264070.948,11471.87114,465,-3446,2,0.662781377,207089603,1
5t4iv6o3,2/1/2023,241516.875,4690996,2428845,0,0.672413793,1443357,20,986,260311.9358,11149.33651,-842,6910,2,0.684186547,3747929,2
5t4iv6o3,3/1/2023,268497.375,4710649,2427534,0,0.630372493,34569499,15,698,258032.86,10222.75031,-1311,19653,2,0.650491444,38317428,3
5t4iv6o3,4/1/2023,286221.13,4719167,2418587,0,0.64516129,1599362,8,341,259692.1392,14683.01913,-8947,8518,1,0.649315859,37612218,4
5t4iv6o3,5/1/2023,323768.94,4712022,2414783,1,0.705539359,283090403,14,686,271885.9433,14911.597,-3804,-7145,2,0.660357714,319259264,5
5t4iv6o3,6/1/2023,305489.895,4733003,2407675,0,0.612903226,0,18,775,281185.6567,18074.5383,-7108,20981,2,0.654534625,284689765,6
5t4iv6o3,7/1/2023,320866.83,4752916,2404748,0,0.657587549,0,15,771,291060.1742,21191.02398,-2927,19913,1,0.658676711,283090403,7
5t4iv6o3,8/1/2023,300331.385,4781018,2404041,0,0.731057452,0,24,1201,300862.5925,27618.90968,-707,28102,1,0.667182742,0,8
5t4iv6o3,9/1/2023,255435.08,4804795,2402300,1,0.724976614,8349820,22,1069,298685.5433,36479.00697,-1741,23777,2,0.704540538,8349820,9
5t4iv6o3,10/1/2023,312370.945,4823009,2402300,0,0.750397456,0,14,629,303043.8458,42743.25432,0,18214,2,0.735477174,8349820,10
5t4iv6o3,11/1/2023,256552.69,4857658,2399475,0,0.760517799,3276505,13,618,291841.1375,45967.43614,-2825,34649,1,0.74529729,11626325,11
5t4iv6o3,12/1/2023,255456.385,4866577,2399475,0,0.772413793,0,12,580,283502.2192,43942.40456,0,8919,1,0.761109683,3276505,12
5t4iv6o3,1/1/2024,257924.845,4876353,2398838,1,0.78057554,0,3,278,273011.8883,37922.78185,-637,9776,2,0.771169044,3276505,1
5t4iv6o3,2/1/2024,274800.845,4851161,2398136,0,0.697732997,1671267,9,397,268756.7983,27318.84537,-702,-25192,2,0.750240777,1671267,2
5t4iv6o3,3/1/2024,282559.72,4851484,2397406,0,0.670175439,0,6,285,273277.5717,18139.53141,-730,323,1,0.716161325,1671267,3
5t4iv6o3,4/1/2024,269674.42,4847886,2392544,0,0.606299213,196832,3,254,266161.4842,10958.25091,-4862,-3598,1,0.658069216,1868099,4
5t4iv6o3,5/1/2024,294382.835,4843900,2387950,1,0.686988171,0,26,1099,272466.5083,12504.92696,-4594,-3986,2,0.654487607,196832,5
5t4iv6o3,6/1/2024,326699.885,4864734,2383886,1,0.679509632,7206158,23,1142,284340.425,12219.21288,-4064,20834,3,0.657599005,7402990,6
5t4iv6o3,7/1/2024,361824.415,4873058,2383886,1,0.709737828,0,27,1068,301657.02,11143.94608,0,8324,3,0.692078544,7206158,7
5t4iv6o3,8/1/2024,383378.965,4876378,2381211,1,0.724096386,347261,33,1660,319753.3733,13700.72983,-2675,3320,4,0.704447948,7553419,8
5t4iv6o3,9/1/2024,327011.19,4884355,2381101,1,0.639745917,1577515,23,1102,327161.9517,16168.85837,-110,7977,5,0.691193377,1924776,9
5t4iv6o3,10/1/2024,313274.085,4884699,2380993,0,0.664728682,0,13,516,334428.5625,15314.30095,-108,344,5,0.676190328,1924776,10
5t4iv6o3,11/1/2024,323782.965,4924604,2377679,1,0.758800522,8349820,16,767,339328.5842,20956.42232,-3314,39905,5,0.687758373,9927335,11
5t4iv6o3,12/1/2024,329441.2,4929356,2374011,0,0.765100671,0,7,447,339785.47,24913.40205,-3668,4752,4,0.729543292,8349820,12
5t4iv6o3,1/1/2025,346566.63,4928940,2373129,0,0.660146699,591854,8,409,337242.5058,25328.86479,-882,-416,3,0.728015964,8941674,1
5t4iv6o3,2/1/2025,346170.69,4939648,2372372,1,0.71686747,0,6,498,331041.1267,24318.79087,-757,10708,3,0.71403828,591854,2
5t4iv6o3,3/1/2025,421928.955,4950674,2371561,1,0.794642857,0,5,448,346860.7542,22459.23816,-811,11026,3,0.723885675,591854,3
65m1vtnc,10/1/2021,535120.21,13314885,2858640,0,0,10882630,7,0,535120.21,0,0,0,0,0,10882630,10
65m1vtnc,11/1/2021,554946.99,13449245,2855408,1,0,1039532,12,0,545033.6,95006.86712,-3232,134360,1,0,11922162,11
65m1vtnc,12/1/2021,523617.72,13553004,2854761,1,0,0,12,16,537894.9733,119386.7649,-647,103759,2,0,11922162,12
65m1vtnc,1/1/2022,528659.58,13683961,2853472,0,0,552618,5,20,535586.125,156518.803,-1289,130957,2,0,1592150,1
65m1vtnc,2/1/2022,486600.25,13817546,2844824,0,0.459016393,6671,12,122,525788.95,196229.2992,-8648,133585,2,0.153005464,559289,2
65m1vtnc,3/1/2022,583138.065,14010534,2843542,0,0.666666667,25347,6,15,535347.1358,253134.9853,-1282,192988,2,0.375227687,584636,3
65m1vtnc,4/1/2022,506190.525,14137090,2838977,0,0.557142857,16214917,8,70,530525.5217,265360.8568,-4565,126556,2,0.560941972,16246935,4
65m1vtnc,5/1/2022,513987.775,14298399,2837286,0,0.653846154,0,2,26,523698.9858,282610.8342,-1691,161309,1,0.625885226,16240264,5
65m1vtnc,6/1/2022,456215.49,14478111,2833728,0,0,0,12,1,512465.2808,296483.3192,-3558,179712,0,0.403663004,16214917,6
65m1vtnc,7/1/2022,422886.35,14771845,2835233,1,0.738317757,0,7,107,494836.4092,341695.1575,1505,293734,1,0.464054637,0,7
65m1vtnc,8/1/2022,483491.775,15020633,2841311,1,0.721712538,46530721,9,327,494318.33,385739.9011,6078,248788,2,0.486676765,46530721,8
65m1vtnc,9/1/2022,507094.165,15178418,2841779,1,0.731343284,0,9,201,481644.3467,411739.3119,468,157785,3,0.73045786,46530721,9
65m1vtnc,10/1/2022,478366.345,15467658,2840073,1,0.555555556,552618,8,162,477006.9833,439304.4692,-1706,289240,4,0.669537126,47083339,10
65m1vtnc,11/1/2022,463322.935,15874669,2837911,0,0.574324324,1039532,6,148,468562.8433,497204.817,-2162,407011,4,0.620407721,1592150,11
65m1vtnc,12/1/2022,493277.105,16073274,2828515,1,0.689189189,37282,1,74,474739.7792,504133.3876,-9396,198605,5,0.606356356,1629432,12
65m1vtnc,1/1/2023,529440.745,16241934,2825918,0,0.660377358,0,1,106,492498.845,496276.0881,-2597,168660,4,0.641296957,1076814,1
65m1vtnc,2/1/2023,490069.04,16527056,2821808,0,0.661016949,0,4,177,493595.0558,499631.0155,-4110,285122,3,0.670194499,37282,2
65m1vtnc,3/1/2023,556256.8,16757583,2819879,1,0.734627832,37282,8,309,501788.8283,461902.239,-1929,230527,3,0.685340713,37282,3
65m1vtnc,4/1/2023,533437.695,16887919,2810512,0,0.690721649,0,0,97,510967.3867,397377.9034,-9367,130336,2,0.695455477,37282,4
65m1vtnc,5/1/2023,537667.94,16984827,2803703,1,0.733333333,0,3,75,523358.2208,364441.6318,-6809,96908,3,0.719560938,37282,5
65m1vtnc,6/1/2023,516680.96,17035921,2793902,1,0.222222222,0,0,27,527258.8633,304338.5621,-9801,51094,3,0.548759068,0,6
65m1vtnc,7/1/2023,500377.275,17036909,2779449,1,0.404761905,0,1,42,522414.9517,199562.2715,-14453,988,4,0.453439153,0,7
65m1vtnc,8/1/2023,550952.9,17073732,2772058,0,0.453846154,0,4,130,532562.2617,119458.0276,-7391,36823,4,0.36027676,0,8
65m1vtnc,9/1/2023,531930.925,17097125,2765365,0,0.25,0,1,140,528507.9492,74906.87002,-6693,23393,3,0.36953602,0,9
65m1vtnc,10/1/2023,590626.705,17103177,2765365,0,0.516666667,0,0,60,538039.4508,44858.65056,0,6052,3,0.406837607,0,10
65m1vtnc,11/1/2023,630398.645,17090240,2747102,1,0.681818182,0,0,44,553494.5683,29892.13641,-18263,-12937,3,0.482828283,0,11
65m1vtnc,12/1/2023,629254.02,17056568,2747102,0,0.489795918,0,4,147,572256.745,25682.57885,0,-33672,2,0.562760256,0,12
65m1vtnc,1/1/2024,689141.7,17039723,2744073,1,0.458762887,0,4,194,603717.4825,24831.13581,-3029,-16845,2,0.543458996,0,1
65m1vtnc,2/1/2024,671532.855,17018757,2737376,0,0.441624365,0,2,197,623814.1417,34451.38296,-6697,-20966,2,0.46339439,0,2
65m1vtnc,3/1/2024,630985.29,17028654,2732516,0,0.533898305,92270,9,236,640323.2025,34052.74249,-4860,9897,2,0.478095186,92270,3
65m1vtnc,4/1/2024,632737.69,17069706,2726464,0,0.547619048,0,4,210,647341.7,26780.20975,-6052,41052,2,0.507713906,92270,4
65m1vtnc,5/1/2024,658219.56,17080924,2720988,0,0.386075949,0,0,158,651978.5192,24165.25588,-5476,11218,1,0.489197767,92270,5
65m1vtnc,6/1/2024,574332.99,17084200,2714137,0,0.543604651,0,7,344,642825.0142,28182.44426,-6851,3276,1,0.492433216,0,6
65m1vtnc,7/1/2024,617018.28,17120090,2714137,1,0.402061856,0,13,582,630804.4442,37718.35844,0,35890,1,0.443914152,0,7
65m1vtnc,8/1/2024,702759.545,17232253,2702398,0,0.524786325,0,15,585,636008.8925,69963.17181,-11739,112163,1,0.490150944,0,8
65m1vtnc,9/1/2024,669363.1,17234039,2701251,1,0.456043956,0,8,182,642405.1942,76467.49159,-1147,1786,2,0.460964046,0,9
65m1vtnc,10/1/2024,718561.795,17252741,2696781,1,0.62173913,0,7,230,656709.2117,80707.2797,-4470,18702,3,0.534189804,0,10
65m1vtnc,11/1/2024,669169.43,17260942,2689921,1,0.609195402,0,8,435,658534.19,75430.01132,-6860,8201,4,0.562326163,0,11
65m1vtnc,12/1/2024,657888.63,17266050,2675444,1,0.580188679,0,12,636,672460.13,54486.01356,-14477,5108,5,0.603707737,0,12
65m1vtnc,1/1/2025,678648.415,17272901,2669831,0,0.501754386,0,6,285,682731.8192,16848.20087,-5613,6851,4,0.563712823,0,1
65m1vtnc,2/1/2025,614279.26,17308604,2661257,0,0.614420063,0,8,319,667985.105,24841.61815,-8574,35703,4,0.565454376,0,2
65m1vtnc,3/1/2025,785746.955,17381548,2656869,1,0.660660661,15572035,4,333,687382.4142,48630.09404,-4388,72944,4,0.59227837,15572035,3
67gc5xm9,10/1/2021,427014.595,4836764,511349,0,0.683673469,5629087,10,196,427014.595,0,0,0,0,0.683673469,5629087,10
67gc5xm9,11/1/2021,410724.24,4888480,518182,1,0.680497925,496592,7,241,418869.4175,36568.7343,6833,51716,1,0.682085697,6125679,11
67gc5xm9,12/1/2021,443213.785,4988750,523923,0,0.689839572,28794100,11,374,426984.2067,77274.79295,5741,100270,1,0.684670322,34919779,12
67gc5xm9,1/1/2022,374709.8,5051666,527446,1,0.742268041,15572035,7,194,413915.605,96867.3169,3523,62916,2,0.704201846,44862727,1
67gc5xm9,2/1/2022,390217.13,5124074,535321,1,0.652671756,12560091,10,262,409175.91,117091.0751,7875,72408,3,0.694926456,56926226,2
67gc5xm9,3/1/2022,425454.945,5193343,546836,1,0.616564417,28794100,10,326,411889.0825,136751.0258,11515,69269,4,0.670501405,56926226,3
67gc5xm9,4/1/2022,405206.31,5314993,557065,1,0.58125,8593535,8,320,408254.3683,151471.6964,10229,121650,5,0.616828724,49947726,4
67gc5xm9,5/1/2022,369963.315,5381552,560895,0,0.686098655,0,5,223,401460.8808,151716.0739,3830,66559,4,0.627971024,37387635,5
67gc5xm9,6/1/2022,356010.54,5566234,573483,1,0.638755981,28794100,8,418,386927.0067,188170.0183,12588,184682,5,0.635368212,37387635,6
67gc5xm9,7/1/2022,326768.455,5625814,574690,0,0.641330166,28794100,14,421,378936.7825,199380.2785,1207,59580,4,0.655394934,57588200,7
67gc5xm9,8/1/2022,309747.81,5651385,575149,0,0.551980198,0,10,404,365525.2292,186320.4819,459,25571,3,0.610688782,57588200,8
67gc5xm9,9/1/2022,387041.57,5673417,575130,1,0.628571429,28794100,2,210,359123,150913.8345,-19,22032,3,0.607293931,57588200,9
67gc5xm9,10/1/2022,341079.88,5704189,575392,1,0.634703196,24667835,9,438,348435.2617,116970.7117,262,30772,3,0.605084941,53461935,10
67gc5xm9,11/1/2022,329324.15,5744960,575035,0,0.606694561,28794100,6,239,341662.0675,62257.28999,-357,40771,3,0.623323062,82256035,11
67gc5xm9,12/1/2022,377210.06,5836291,578084,1,0.651273885,16668899,19,628,345195.3208,76119.83998,3049,91331,3,0.630890547,70130834,12
67gc5xm9,1/1/2023,373727.795,5889940,581480,0,0.695014663,0,3,341,353021.8775,94597.31306,3396,53649,3,0.65099437,45462999,1
67gc5xm9,2/1/2023,346543.74,5974907,586067,0,0.662561576,150272059,8,406,359154.5325,116736.8473,4587,84967,3,0.669616708,166940958,2
67gc5xm9,3/1/2023,394276.23,6065793,586064,0,0.610328638,28794100,9,426,360360.3092,137113.0964,-3,90886,2,0.655968293,179066159,3
67gc5xm9,4/1/2023,338117.015,6110842,585710,0,0.63003663,0,6,546,359866.4983,139629.3929,-354,45049,1,0.634308948,179066159,4
67gc5xm9,5/1/2023,342912.98,6141126,584834,1,0.573596358,0,16,659,362131.3033,123300.5969,-876,30284,2,0.604653876,28794100,5
67gc5xm9,6/1/2023,377143.04,6245423,586974,1,0.598387097,4691717,14,620,362120.1333,125675.3256,2140,104297,2,0.600673362,4691717,6
67gc5xm9,7/1/2023,318419.605,6300571,586746,0,0.61465721,909742,13,423,352902.1017,118752.3397,-228,55148,2,0.595546888,5601459,7
67gc5xm9,8/1/2023,370822.755,6335965,585554,1,0.555045872,0,3,218,356948.6042,109627.6049,-1192,35394,3,0.589363393,5601459,8
67gc5xm9,9/1/2023,368518.74,6396189,585496,1,0.635170604,28794100,9,381,352655.6892,111720.1097,-58,60224,4,0.601624562,29703842,9
67gc5xm9,10/1/2023,335197.13,6437035,585496,0,0.627218935,422029863,6,338,352169.0417,106785.6436,0,40846,4,0.605811803,450823963,10
67gc5xm9,11/1/2023,421241.655,6460964,586928,1,0.651006711,5629087,4,298,365223.8208,83224.61916,1432,23929,4,0.63779875,456453050,11
67gc5xm9,12/1/2023,368210.475,6486769,586928,1,0.660130719,18263540,10,306,363735.06,72893.33307,0,25805,4,0.646118788,445922490,12
67gc5xm9,1/1/2024,374314.22,6487769,585638,0,0.590909091,0,1,132,373050.8292,59080.27523,-1290,1000,4,0.634015507,23892627,1
67gc5xm9,2/1/2024,450036.585,6709969,592044,0,0.594972067,13529374,6,358,386253.1342,110091.8811,6406,222200,3,0.615337292,31792914,2
67gc5xm9,3/1/2024,396615.03,6710164,591808,0,0.530805687,0,1,211,390935.8492,126327.3448,-236,195,2,0.572228948,13529374,3
67gc5xm9,4/1/2024,355869.595,6765496,590600,0,0.70609319,0,2,279,394381.26,138774.5366,-1208,55332,2,0.610623648,13529374,4
67gc5xm9,5/1/2024,436712.585,6764601,588900,1,0.616766467,0,4,167,396959.7483,131567.2585,-1700,-895,2,0.617888448,0,5
67gc5xm9,6/1/2024,341552.875,6743311,586744,0,0.622073579,0,7,299,392516.815,105380.5711,-2156,-21290,1,0.648311079,0,6
67gc5xm9,7/1/2024,355065.28,6738285,586744,1,0.647959184,0,1,196,389308.6583,24698.46678,0,-5026,2,0.628933076,0,7
67gc5xm9,8/1/2024,446862.86,6728109,584231,0,0.327044025,17407902,11,477,388779.7042,21373.76155,-2513,-10176,2,0.532358929,17407902,8
67gc5xm9,9/1/2024,387977.95,6724283,584059,0,0.25255102,934433,8,392,387340.1908,17668.60452,-172,-3826,2,0.409184743,18342335,9
67gc5xm9,10/1/2024,477082.33,6716577,583387,0,0.185185185,0,5,378,407542.3133,17049.23529,-672,-7706,2,0.254926744,18342335,10
67gc5xm9,11/1/2024,403833.26,6714179,582022,1,0.453172205,4685712,3,331,402062.4258,11608.3932,-1365,-2398,2,0.29696947,5620145,11
67gc5xm9,12/1/2024,386812.955,6704976,574321,0,0.260869565,0,3,391,409605.7725,11686.8889,-7701,-9203,2,0.299742319,4685712,12
67gc5xm9,1/1/2025,422080.755,6688393,572517,0,0.320261438,0,5,459,420775.0183,14417.31887,-1804,-16583,1,0.344767736,4685712,1
67gc5xm9,2/1/2025,397696.785,6679191,569316,0,0.425110132,0,5,454,412580.6725,17498.86719,-3201,-9202,1,0.335413712,0,2
67gc5xm9,3/1/2025,323158.425,6692543,567709,0,0.668803419,0,7,468,401777.4183,14973.89291,-1607,13352,1,0.471391663,0,3
6ygz70qs,10/1/2021,6434.095,9578338,8276050,0,0,0,3,0,6434.095,0,0,0,0,0,0,10
6ygz70qs,11/1/2021,12879.975,9780506,8270907,0,0.769230769,0,2,13,9657.035,142954.3637,-5143,202168,0,0.384615385,0,11
6ygz70qs,12/1/2021,6095.9,10029499,8273899,0,0.612716763,109773,8,173,8469.99,225985.1257,2992,248993,0,0.460649177,109773,12
6ygz70qs,1/1/2022,5032.47,10185227,8273217,0,0.618357488,0,4,207,7610.61,268138.6797,-682,155728,0,0.66676834,109773,1
6ygz70qs,2/1/2022,5342.505,10364460,8275947,0,0.561538462,0,7,130,7156.989,313535.774,2730,179233,0,0.597537571,109773,2
6ygz70qs,3/1/2022,7860.28,10455491,8276587,0,0.654545455,0,3,55,7274.204166,339307.8358,640,91031,0,0.611480468,0,3
6ygz70qs,4/1/2022,6461.78,10609423,8273006,1,0.594142259,0,8,239,7278.818333,302260.1556,-3581,153932,1,0.603408725,0,4
6ygz70qs,5/1/2022,8743.63,10778739,8267623,0,0.575,288447,6,280,6589.4275,273844.8691,-5383,169316,1,0.607895905,288447,5
6ygz70qs,6/1/2022,9456.085,10951699,8261503,0,0.628289474,0,6,304,7149.458333,280461.4086,-6120,172960,1,0.599143911,288447,6
6ygz70qs,7/1/2022,6018.425,11128994,8255028,1,0.647230321,0,8,343,7313.784166,294227.6625,-6475,177295,2,0.616839931,288447,7
6ygz70qs,8/1/2022,5827.95,11227628,8249047,0,0.626623377,0,11,308,7394.691666,299641.7204,-5981,98634,2,0.634047724,0,8
6ygz70qs,9/1/2022,9126.77,11367752,8242906,0,0.602803738,109773,3,214,7605.773333,285253.4355,-6141,140124,2,0.625552479,109773,9
6ygz70qs,10/1/2022,6034.04,11544417,8234469,0,0.661290323,0,5,248,7534.483333,277476.1297,-8437,176665,1,0.630239146,109773,10
6ygz70qs,11/1/2022,33958.605,11826035,8228770,1,0.746973366,34419,21,826,11736.97917,311996.1774,-5699,281618,2,0.670355809,144192,11
6ygz70qs,12/1/2022,10266.2,11975061,8219476,0,0.778656126,0,10,253,11871.99833,335398.8982,-9294,149026,2,0.728973272,34419,12
6ygz70qs,1/1/2023,7136.12,12197917,8216529,0,0.729166667,0,3,192,12058.28083,373248.1179,-2947,222856,1,0.75159872,34419,1
6ygz70qs,2/1/2023,8057.76,12335280,8208380,0,0.65625,0,4,96,12429.91583,372860.9417,-8149,137363,1,0.721357598,0,2
6ygz70qs,3/1/2023,7915.405,12722164,8190601,0,0.686363636,0,2,220,12228.02167,412643.0365,-17779,386884,1,0.690593434,0,3
6ygz70qs,4/1/2023,9881.59,12956124,8121260,0,0.695431472,0,4,197,12869.28,434300.1631,-69341,233960,1,0.679348369,0,4
6ygz70qs,5/1/2023,7734.04,13132126,8109599,0,0.657534247,0,7,292,8498.519166,454755.2506,-11661,176002,0,0.679776452,0,5
6ygz70qs,6/1/2023,7195.81,13346093,8072049,0,0.62987013,0,5,154,7986.7875,450643.8668,-37550,213967,0,0.660945283,0,6
6ygz70qs,7/1/2023,6575.48,13747577,8017286,0,0.564885496,0,3,262,7893.3475,491432.6918,-54763,401484,0,0.617429958,0,7
6ygz70qs,8/1/2023,28103.045,13932636,7999258,0,0.434146341,0,0,205,11234.22833,465355.8088,-18028,185059,0,0.542967323,0,8
6ygz70qs,9/1/2023,7091.94,13979655,7989233,0,0.55,0,0,80,11096.98417,431712.3257,-10025,47019,0,0.516343946,0,9
6ygz70qs,10/1/2023,7380.665,14013839,7989233,0,0.426470588,0,1,136,10680.16333,368898.5703,0,34184,0,0.470205643,0,10
6ygz70qs,11/1/2023,7501.725,14107427,7955563,0,0.644808743,0,2,183,10641.44417,276058.0337,-33670,93588,0,0.540426444,0,11
6ygz70qs,12/1/2023,7588.985,14154253,7955563,0,0.61928934,0,5,197,10706.97333,143874.569,0,46826,0,0.563522891,0,12
6ygz70qs,1/1/2024,6574.5,14285940,7948104,1,0.684210526,0,4,266,10706.81,130255.9534,-7459,131687,1,0.649436203,0,1
6ygz70qs,2/1/2024,7965.005,14323548,7936431,0,0.720812183,0,3,197,7350.47,139841.5161,-11673,37608,1,0.674770683,0,2
6ygz70qs,3/1/2024,7038.905,14430086,7926355,0,0.7,0,12,480,7341.630833,154077.9624,-10076,106538,1,0.701674236,0,3
6ygz70qs,4/1/2024,6925.43,14445620,7906780,1,0.675126904,0,1,197,7265.758333,139094.1384,-19575,15534,2,0.698646362,0,4
6ygz70qs,5/1/2024,7580.18,14434472,7887807,0,0.693693694,0,2,111,7278.834166,114629.2988,-18973,-11148,2,0.689606866,0,5
6ygz70qs,6/1/2024,6440.495,14451922,7877257,1,0.762114537,0,7,227,7087.419166,71541.05993,-10550,17450,3,0.710311712,0,6
6ygz70qs,7/1/2024,7573.325,14534382,7877257,0,0.696750903,0,8,277,7253.89,67387.13241,0,82460,2,0.717519711,0,7
6ygz70qs,8/1/2024,8565.105,14659082,7847984,0,0.727915194,0,11,283,7353.906666,90122.88976,-29273,124700,2,0.728926878,0,8
6ygz70qs,9/1/2024,6744.545,14716931,7845873,0,0.60472973,0,6,296,7304.846666,121092.6699,-2111,57849,2,0.676465276,0,9
6ygz70qs,10/1/2024,8574.275,14871054,7838669,0,0.607407407,0,7,405,7579.654166,169410.1739,-7204,154123,1,0.64668411,0,10
6ygz70qs,11/1/2024,7949.905,15120960,7781428,0,0.651162791,0,9,430,7641.275,242251.9654,-57241,249906,1,0.621099976,0,11
6ygz70qs,12/1/2024,8142.085,15543584,7759622,0,0.675585284,109773,9,897,7924.873333,371144.5168,-21806,422624,0,0.644718494,109773,12
6ygz70qs,1/1/2025,8327.3,15557970,7750751,0,0.667560322,0,0,373,8050.535833,399418.2188,-8871,14386,0,0.664769466,109773,1
6ygz70qs,2/1/2025,6966.13,15572138,7738233,0,0.649484536,0,3,291,7784.04,381294.7021,-12518,14168,0,0.664210047,109773,2
6ygz70qs,3/1/2025,6943.84,15624501,7729266,0,0.696787149,0,6,498,7817.255833,310238.9997,-8967,52363,0,0.671277335,0,3
al0gcvtm,10/1/2021,462213.575,6639726,7747560,0,0.6,0,7,125,462213.575,0,0,0,0,0.6,0,10
al0gcvtm,11/1/2021,593462.22,6929233,7741831,0,0.539748954,4809858,5,239,527837.8975,204712.3629,-5729,289507,0,0.569874477,4809858,11
al0gcvtm,12/1/2021,417324.69,6974746,7737714,1,0.600609756,0,6,328,491000.1617,181715.9581,-4117,45513,1,0.58011957,4809858,12
al0gcvtm,1/1/2022,430314.94,7043336,7732998,1,0.644351464,966687,5,239,475828.8563,177658.2045,-4716,68590,2,0.594903392,5776545,1
al0gcvtm,2/1/2022,390301.825,7087558,7723964,0,0.568181818,15451275,5,220,458723.45,175933.4661,-9034,44222,2,0.604381013,16417962,2
al0gcvtm,3/1/2022,491704.88,7145183,7718094,1,0.603773585,15451275,5,212,464220.355,179249.8344,-5870,57625,3,0.605435623,31869237,3
al0gcvtm,4/1/2022,478423.21,7197526,7710297,0,0.55308642,0,7,405,466921.9608,101511.9777,-7797,52343,3,0.575013941,30902550,4
al0gcvtm,5/1/2022,463292.535,7279553,7706757,0,0.478114478,0,14,594,445227.0133,109653.8133,-3540,82027,3,0.544991494,15451275,5
al0gcvtm,6/1/2022,429655.705,7363815,7704755,0,0.496143959,0,6,389,447282.1825,120177.2868,-2002,84262,2,0.509114952,0,6
al0gcvtm,7/1/2022,399053.18,7443683,7698732,0,0.517615176,0,7,369,442071.8892,135216.7745,-6023,79868,1,0.497291204,0,7
al0gcvtm,8/1/2022,431603.305,7499606,7688802,1,0.501901141,1569728,12,526,448955.4692,139037.9499,-9930,55923,2,0.505220092,1569728,8
al0gcvtm,9/1/2022,424783.895,7578765,7685892,0,0.593994778,0,18,766,437801.9717,141682.9074,-2910,79159,1,0.537837032,1569728,9
al0gcvtm,10/1/2022,431848.31,7654019,7683936,0,0.599489796,201306,6,392,430039.4883,137700.5296,-1956,75254,1,0.565128572,1771034,10
al0gcvtm,11/1/2022,413421.465,7718131,7672911,0,0.611510791,0,3,139,421727.6433,132762.4877,-11025,64112,1,0.601665122,201306,11
al0gcvtm,12/1/2022,413479.295,7803881,7653857,0,0.48655914,201306,9,372,419031.575,135500.4709,-19054,85750,1,0.565853242,402612,12
al0gcvtm,1/1/2023,440744.42,7901744,7645861,0,0.602941176,0,5,272,425980.115,147288.8596,-7996,97863,1,0.567003703,201306,1
al0gcvtm,2/1/2023,405327.25,7975001,7635296,0,0.455357143,0,4,112,421600.7725,150479.5171,-10565,73257,0,0.514952486,201306,2
al0gcvtm,3/1/2023,458762.74,8046941,7623875,0,0.585669782,11547961,4,321,427263.9133,151666.3333,-11421,71940,0,0.547989367,11547961,3
al0gcvtm,4/1/2023,454726.53,8123944,7596329,0,0.590443686,201306,5,293,431076.95,151584.6682,-27546,77003,0,0.543823537,11749267,4
al0gcvtm,5/1/2023,443090.115,8200217,7584648,0,0.625714286,15451275,6,350,436021.725,145566.692,-11681,76273,0,0.600609251,27200542,5
al0gcvtm,6/1/2023,433115.695,8271188,7566938,0,0.513978495,0,11,465,439294.4583,138978.4065,-17710,70971,0,0.576712155,15652581,6
al0gcvtm,7/1/2023,445138.23,8308653,7547297,1,0.701923077,1169196,6,312,440026.76,129762.5475,-19641,37465,1,0.613871952,16620471,7
al0gcvtm,8/1/2023,463024.315,8372789,7536165,1,0.601156069,25675,7,346,449642.9375,121152.1875,-11132,64136,2,0.60568588,1194871,8
al0gcvtm,9/1/2023,429115.095,8413852,7526729,0,0.647761194,0,6,335,444701.6633,107819.0387,-9436,41063,2,0.650280113,1194871,9
al0gcvtm,10/1/2023,437187.845,8438274,7526729,0,0.524193548,390422,7,248,441778.5492,90818.00103,0,24422,2,0.591036937,416097,10
al0gcvtm,11/1/2023,441989.92,8437422,7502639,0,0.576923077,0,4,312,441595.1833,70118.65666,-24090,-852,2,0.582959273,390422,11
al0gcvtm,12/1/2023,422840.755,8434543,7502639,0,0.601626016,0,6,246,439882.6933,51633.34677,0,-2879,2,0.567580881,390422,12
al0gcvtm,1/1/2024,429622.25,8430582,7500741,0,0.531120332,201306,3,241,437296.6967,25370.60865,-1898,-3961,1,0.569889808,201306,1
al0gcvtm,2/1/2024,422675.775,8423835,7494471,0,0.628997868,0,10,469,430571.94,9411.873898,-6270,-6747,0,0.587248072,201306,2
al0gcvtm,3/1/2024,423962.98,8422274,7485993,0,0.627802691,0,3,223,429713.2542,6844.222147,-8478,-1561,0,0.59597363,201306,3
al0gcvtm,4/1/2024,409112.675,8411552,7466380,0,0.530172414,201306,11,464,425034.0592,9474.211854,-19613,-10722,0,0.595657657,201306,4
al0gcvtm,5/1/2024,422719.72,8400051,7451835,0,0.447802198,5637012,6,364,421822.3592,12738.49089,-14545,-11501,0,0.535259101,5838318,5
al0gcvtm,6/1/2024,416843.52,8383032,7439533,1,0.434108527,1339424,10,387,420822.82,17736.75078,-12302,-17019,1,0.47069438,7177742,6
al0gcvtm,7/1/2024,408782.89,8372515,7439533,0,0.480952381,0,3,210,417349.5933,21032.01215,0,-10517,1,0.454287702,6976436,7
al0gcvtm,8/1/2024,446014.505,8359695,7417740,1,0.571833648,5814702,25,1058,421239.3817,23941.32116,-21793,-12820,2,0.495631519,7154126,8
al0gcvtm,9/1/2024,466123.615,8353499,7416925,0,0.580236486,1339424,23,1184,428266.1542,22704.03426,-815,-6196,2,0.544340839,7154126,9
al0gcvtm,10/1/2024,463175.925,8372372,7413580,1,0.537414966,541110,14,735,437276.6958,16665.35795,-3345,18873,3,0.5631617,7695236,10
al0gcvtm,11/1/2024,445589.41,8371239,7403729,1,0.514629948,541110,11,581,441088.3108,10507.58897,-9851,-1133,4,0.5440938,2421644,11
al0gcvtm,12/1/2024,408669.115,8367039,7394435,1,0.671457906,9509124,10,487,439725.91,7843.223786,-9294,-4200,4,0.57450094,10591344,12
al0gcvtm,1/1/2025,490486.5,8366333,7390137,0,0.636363636,0,2,143,453343.1783,7205.785446,-4298,-706,4,0.60748383,10050234,1
al0gcvtm,2/1/2025,472673.58,8352054,7382040,1,0.601351351,1408668,10,444,457786.3575,8829.412393,-8097,-14279,4,0.636390964,10917792,2
al0gcvtm,3/1/2025,491530.53,8339625,7377513,0,0.573239437,623829,14,710,462020.8433,12921.38085,-4527,-12429,4,0.603651475,2032497,3
awrkf92m,3/1/2022,7742.405,11247995,222948,0,0,0,3,0,7742.405,0,0,0,0,0,0,3
awrkf92m,4/1/2022,8687.73,11361402,233484,0,0.619047619,0,2,21,8215.0675,80190.85873,10536,113407,0,0.30952381,0,4
awrkf92m,5/1/2022,8059.57,11474641,244830,0,0.368421053,0,3,19,8163.235,113323.0104,11346,113239,0,0.329156224,0,5
awrkf92m,6/1/2022,6396.55,11546977,250889,0,0.672413793,0,0,58,7721.56375,131057.6978,6059,72336,0,0.553294155,0,6
awrkf92m,7/1/2022,5228.775,11563462,260292,0,0.578125,0,1,64,7223.006,133158.1839,9403,16485,0,0.539653282,0,7
awrkf92m,8/1/2022,4585.57,11548985,267316,1,0.681318681,1829669,8,91,6783.433333,127298.2125,7024,-14477,1,0.643952491,1829669,8
awrkf92m,9/1/2022,6307.79,11542654,270004,0,0.483333333,1829669,4,60,6544.330833,77541.52517,2688,-6331,1,0.580925672,3659338,9
awrkf92m,10/1/2022,5160.99,11523802,271032,0,0.413793103,0,0,58,5956.540833,31500.24368,1028,-18852,1,0.526148373,3659338,10
awrkf92m,11/1/2022,4618.16,11517091,273798,0,0.708333333,0,1,24,5382.9725,17161.8429,2766,-6711,1,0.535153257,1829669,11
awrkf92m,12/1/2022,4574.83,11503018,277404,0,0.607142857,0,2,56,5079.3525,22419.19938,3606,-14073,1,0.576423098,0,12
awrkf92m,1/1/2023,4406.795,11498673,279460,0,0.392857143,0,0,28,4942.355833,20424.32402,2056,-4345,1,0.569444444,0,1
awrkf92m,2/1/2023,3762.75,11465908,279620,0,0.571428571,0,2,35,4805.219166,26134.84022,160,-32765,0,0.523809524,0,2
awrkf92m,3/1/2023,3492.015,11445141,281800,0,0.555555556,0,2,63,4335.923333,30603.80576,2180,-20767,0,0.506613757,0,3
awrkf92m,4/1/2023,3276.88,11427294,281105,0,0.53125,0,5,64,4021.905,35661.45644,-695,-17847,0,0.552744709,0,4
awrkf92m,5/1/2023,3826.775,11414820,282254,0,0.321428571,0,2,28,3890.0075,36628.79982,1149,-12474,0,0.469411376,0,5
awrkf92m,6/1/2023,3438.625,11413632,283599,0,0.536842105,0,4,95,3700.64,33234.97665,1345,-1188,0,0.463173559,0,6
awrkf92m,7/1/2023,3419.395,11381128,284621,0,0.633093525,0,6,139,3536.073333,29124.8485,1022,-32504,0,0.497121401,0,7
awrkf92m,8/1/2023,3170.12,11367262,285764,0,0.60483871,0,4,124,3437.301666,29021.92751,1143,-13866,0,0.591591447,0,8
awrkf92m,9/1/2023,2610.59,11484810,290265,0,0.540816327,0,2,98,3290.3975,41115.75424,4501,117548,0,0.592916187,0,9
awrkf92m,10/1/2023,2536.65,11579697,290265,1,0.551724138,0,7,174,3167.025833,79509.64402,0,94887,1,0.565793058,0,10
awrkf92m,11/1/2023,2443.825,11602964,291780,0,0.544776119,0,4,134,2936.534166,101536.0568,1515,23267,1,0.545772195,0,11
awrkf92m,12/1/2023,2599.975,11694744,291780,0,0.4375,0,2,160,2796.759166,130246.057,0,91780,1,0.511333419,0,12
awrkf92m,1/1/2024,2256.775,11664480,291284,0,0.428571429,0,4,133,2602.989166,121585.5141,-496,-30264,1,0.470282516,0,1
awrkf92m,2/1/2024,2409.915,11707379,292241,1,0.5,0,5,152,2476.288333,84092.93177,957,42899,2,0.455357143,0,2
awrkf92m,3/1/2024,2970.725,11803782,294303,0,0.391959799,0,4,199,2536.310833,80503.41589,2062,96403,2,0.440177076,0,3
awrkf92m,4/1/2024,2632.295,11768543,294836,0,0.557268722,0,10,454,2552.251666,72022.34001,533,-35239,1,0.483076174,0,4
awrkf92m,5/1/2024,2586.17,11699604,294913,0,0.583682008,0,7,478,2575.975833,52180.89611,77,-68939,1,0.510970177,0,5
awrkf92m,6/1/2024,1814.165,11620149,295295,0,0.521311475,0,8,305,2445.0075,67052.19177,382,-79455,1,0.554087402,0,6
awrkf92m,7/1/2024,2119.315,11555953,295295,1,0.417721519,0,6,474,2422.0975,91997.60347,0,-64196,2,0.507571668,0,7
awrkf92m,8/1/2024,2196.215,11492164,296944,0,0.525423729,0,1,177,2386.480833,122098.9382,1649,-63789,1,0.488152241,0,8
awrkf92m,9/1/2024,2166.095,11428931,297326,0,0.573170732,0,8,246,2252.375833,127567.1217,382,-63233,1,0.50543866,0,9
awrkf92m,10/1/2024,1994.515,11348817,297391,0,0.590686275,0,8,408,2146.079166,127939.5811,65,-80114,1,0.563093578,0,10
awrkf92m,11/1/2024,1876.195,11277540,296774,0,0.602597403,0,8,385,2027.75,128285.94,-617,-71277,1,0.588818136,0,11
awrkf92m,12/1/2024,1937.225,11225984,295519,0,0.577689243,0,3,251,2048.26,127058.4729,-1255,-51556,1,0.590324307,0,12
awrkf92m,1/1/2025,2021.765,11192244,295147,0,0.484496124,0,2,258,2032.001666,117432.9626,-372,-33740,0,0.55492759,0,1
awrkf92m,2/1/2025,1538.145,11137584,294286,0,0.663551402,0,2,321,1922.323333,106800.9673,-861,-54660,0,0.57524559,0,2
awrkf92m,3/1/2025,1962.285,11120073,293043,0,0.413080895,0,4,581,1888.355,86528.7461,-1243,-17511,0,0.52037614,0,3
bpgx7194,10/1/2021,370395.53,12980801,2016150,1,0.656862745,11295924,7,204,370395.53,0,0,0,1,0.656862745,11295924,10
bpgx7194,11/1/2021,456118.465,13078369,2014534,0,0.599118943,26634707,6,227,413256.9975,68990.99443,-1616,97568,1,0.627990844,37930631,11
bpgx7194,12/1/2021,760537.885,13217459,2012209,0,0.714285714,0,6,203,529017.2933,118934.542,-2325,139090,1,0.656755801,37930631,12
bpgx7194,1/1/2022,430469.5,13438666,2011318,0,0.681318681,0,5,182,504380.345,198590.7381,-891,221207,1,0.664907779,26634707,1
bpgx7194,2/1/2022,390632.55,13571785,2009867,0,0.578125,0,9,256,481630.786,245891.0729,-1451,133119,1,0.657909799,0,2
bpgx7194,3/1/2022,391063.265,13700495,2008320,0,0.622641509,0,6,318,466536.1992,284762.6541,-1547,128710,1,0.62736173,0,3
bpgx7194,4/1/2022,366462.96,13832080,2005394,0,0.627306273,0,10,271,465880.7708,287285.3733,-2926,131585,0,0.609357594,0,4
bpgx7194,5/1/2022,391520.62,14040370,2003930,0,0.537848606,26634707,3,251,455114.4633,291315.8706,-1464,208290,0,0.595932129,26634707,5
bpgx7194,6/1/2022,363312.35,14266395,2002101,1,0.603883495,0,17,515,388910.2075,306092.6525,-1829,226025,1,0.589679458,26634707,6
bpgx7194,7/1/2022,347523.385,14485657,2001634,0,0.593123209,8349820,9,349,375085.855,348698.0221,-467,219262,1,0.578285103,34984527,7
bpgx7194,8/1/2022,336022.735,14696589,2001830,1,0.714,8349820,12,500,365984.2192,384097.8265,196,210932,2,0.637002235,16699640,8
bpgx7194,9/1/2022,352723.945,14898322,2001318,1,0.506811989,11295924,8,367,359594.3325,401972.3508,-512,201733,3,0.604645066,27995564,9
bpgx7194,10/1/2022,512536.99,15095641,2001708,1,0.504520796,35549881,21,553,383940.0042,394779.7593,390,197319,4,0.575110928,55195625,10
bpgx7194,11/1/2022,1045626.01,15493679,2001555,0,0.621257485,0,6,668,492957.5692,440319.3193,-153,398038,4,0.544196757,46845805,11
bpgx7194,12/1/2022,1430525.985,15810879,2000851,1,0.611464968,3912218,20,785,670826.5083,497757.6645,-704,317200,4,0.579081083,39462099,12
bpgx7194,1/1/2023,1014723.185,16177895,2000757,1,0.589812332,2182737,11,746,782026.475,568019.7887,-94,367016,5,0.607511595,6094955,1
bpgx7194,2/1/2023,806562.435,16565247,1999662,0,0.606310014,26915285,15,729,860449.7583,638068.5687,-1095,387352,4,0.602529105,33010240,2
bpgx7194,3/1/2023,888233.52,16999679,1997575,1,0.659433962,258750,23,1060,949701.3542,701012.5097,-2087,434432,4,0.618518769,29356772,3
bpgx7194,4/1/2023,810780.785,17279547,1990395,1,0.35359116,0,16,905,999408.6533,689557.3029,-7180,279868,4,0.539778379,27174035,4
bpgx7194,5/1/2023,701399.325,17513508,1986717,1,0.555147059,4459904,17,1088,942037.5392,658054.123,-3678,233961,5,0.52272406,4718654,5
bpgx7194,6/1/2023,635202.1,17730880,1978847,1,0.540740741,166896,13,675,809483.5583,588052.6638,-7870,217372,5,0.483159653,4626800,6
bpgx7194,7/1/2023,583217.78,17870057,1968825,1,0.460154242,130204,6,389,737565.9908,486306.9129,-10022,139177,5,0.51868068,4757004,7
bpgx7194,8/1/2023,589576.76,18003483,1964140,1,0.414342629,0,2,251,701401.7117,378565.0362,-4685,133426,6,0.471745871,297100,8
bpgx7194,9/1/2023,520943.565,18074871,1960768,0,0.417525773,20569,2,194,640186.7192,303875.3328,-3372,71388,5,0.430674215,150773,9
bpgx7194,10/1/2023,544301.195,18111110,1960768,1,0.378205128,40801268,3,156,595773.4542,229430.312,0,36239,5,0.403357844,40821837,10
bpgx7194,11/1/2023,667766.995,18108289,1950513,1,0.552419355,0,4,248,590168.0658,153159.966,-10255,-2821,5,0.449383419,40821837,11
bpgx7194,12/1/2023,938793.32,18092528,1950513,0,0.673333333,40801268,6,300,640766.6025,93637.99714,0,-15761,4,0.534652605,81602536,12
bpgx7194,1/1/2024,542497.495,18084237,1949203,0,0.55704698,0,1,149,633979.8883,39545.295,-1310,-8291,3,0.594266556,40801268,1
bpgx7194,2/1/2024,542667.015,18148061,1946220,0,0.579335793,0,9,271,626161.5975,25988.43102,-2983,63824,2,0.603238702,40801268,2
bpgx7194,3/1/2024,602708.225,18190627,1943288,1,0.528363047,5142645,17,617,639789.0408,39971.76947,-2932,42566,3,0.554915273,5142645,3
bpgx7194,4/1/2024,643860.5,18241584,1936976,1,0.576452599,7750385,13,654,656382.2583,61982.53195,-6312,50957,3,0.561383813,12893030,4
bpgx7194,5/1/2024,699651.41,18250578,1932826,1,0.530048077,1049964,23,832,661696.3275,71910.38067,-4150,8994,3,0.544954574,13942994,5
bpgx7194,6/1/2024,725359.38,18326190,1929085,1,0.621525303,5142645,27,1403,626124.0042,84986.93916,-3741,75612,4,0.57600866,13942994,6
bpgx7194,7/1/2024,667279.495,18352249,1929085,1,0.608865711,26634707,14,767,646921.0042,77760.23299,0,26059,5,0.58681303,32827316,7
bpgx7194,8/1/2024,676693.02,18346909,1920425,1,0.566510172,0,5,639,669258.6717,66373.60347,-8660,-5340,6,0.598967062,31777352,8
bpgx7194,9/1/2024,667629.62,18353794,1919987,0,0.674926501,26634707,49,2381,680078.9042,51995.59447,-438,6885,5,0.616767461,53269414,9
bpgx7194,10/1/2024,727162.68,18367805,1918176,1,0.676485788,26634707,40,1935,693962.6008,42538.18831,-1811,14011,5,0.639307487,53269414,10
bpgx7194,11/1/2024,686274.835,18366703,1912960,0,0.595541401,0,2,314,691733.1717,15237.30488,-5216,-1102,4,0.648984564,53269414,11
bpgx7194,12/1/2024,944499.02,18349980,1907428,0,0.468085106,375760931,14,611,728256.445,8847.482693,-5532,-16723,3,0.580037432,402395638,12
bpgx7194,1/1/2025,568697.855,18347449,1905413,0,0.313157895,0,5,380,711826.1717,9475.266202,-2015,-2531,2,0.458928134,375760931,1
bpgx7194,2/1/2025,492838.33,18346860,1901756,0,0.601286174,60616689,4,311,681183.7233,9484.106579,-3657,-589,1,0.460843058,436377620,2
bpgx7194,3/1/2025,501198.015,18350176,1899539,1,0.562642369,60616689,9,439,653445.1225,9721.12154,-2217,3316,2,0.492362146,121233378,3
hfiatnv8,8/1/2022,2337.415,6227948,2431488,0,0,0,0,0,2337.415,0,0,0,0,0,0,8
hfiatnv8,9/1/2022,3019.48,6329528,2430237,0,0,0,0,0,2678.4475,71827.90683,-1251,101580,0,0,0,9
hfiatnv8,10/1/2022,2163.695,6378286,2427437,0,0,0,0,0,2506.863333,76700.01435,-2800,48758,0,0,0,10
hfiatnv8,11/1/2022,2347.985,6431571,2425246,0,0.611111111,299003,3,72,2467.14375,86608.19073,-2191,53285,0,0.203703704,299003,11
hfiatnv8,12/1/2022,2758.315,6494228,2420756,0,0.64,0,0,25,2525.378,101343.801,-4490,62657,0,0.417037037,299003,12
hfiatnv8,1/1/2023,2004.12,6626885,2417894,0,0.678571429,0,0,28,2438.501666,137904.5728,-2862,132657,0,0.643227513,299003,1
hfiatnv8,2/1/2023,1797.86,6730110,2414362,0,0,0,0,7,2348.575833,153379.6325,-3532,103225,0,0.43952381,0,2
hfiatnv8,3/1/2023,2097.11,6830216,2410659,0,0.627118644,0,2,59,2194.8475,177422.962,-3703,100106,0,0.435230024,0,3
hfiatnv8,4/1/2023,1716.785,6943586,2403596,0,0,0,0,21,2120.3625,196729.029,-7063,113370,0,0.209039548,0,4
hfiatnv8,5/1/2023,1988.64,7048877,2400611,0,0,0,1,42,2060.471666,204533.3816,-2985,105291,0,0.209039548,0,5
hfiatnv8,6/1/2023,2061.44,7150495,2394892,0,0.666666667,0,0,15,1944.325833,197141.2384,-5719,101618,0,0.222222222,0,6
hfiatnv8,7/1/2023,1698.97,7217106,2385801,0,0,0,0,17,1893.4675,187598.6074,-9091,66611,0,0.222222222,0,7
hfiatnv8,8/1/2023,2524.86,7292170,2382707,1,0,0,0,4,2014.634166,173638.8067,-3094,75064,1,0.222222222,0,8
hfiatnv8,9/1/2023,3404.63,7359544,2379896,1,0.614457831,43411,4,166,2232.554166,154515.1583,-2811,67374,2,0.204819277,43411,9
hfiatnv8,10/1/2023,3988.165,7412461,2379896,1,0.318181818,0,1,22,2611.1175,135309.3569,0,52917,3,0.310879883,43411,10
hfiatnv8,11/1/2023,3783.87,7416602,2371077,0,0.731182796,0,2,93,2910.3225,108335.9481,-8819,4141,3,0.554607482,43411,11
hfiatnv8,12/1/2023,3846.345,7431952,2371077,1,0.775757576,7328751,3,165,3207.806666,84854.21706,0,15350,4,0.608374063,7328751,12
hfiatnv8,1/1/2024,2862.665,7436366,2369796,0,0.728813559,0,1,59,3401.755833,55868.46967,-1281,4414,4,0.74525131,7328751,1
hfiatnv8,2/1/2024,3215.765,7438492,2366457,1,0.704845815,10119726,5,227,3516.906666,29581.21207,-3339,2126,4,0.736472317,17448477,2
hfiatnv8,3/1/2024,2924.945,7439325,2365488,0,0.605555556,0,3,180,3436.959166,11719.09274,-969,833,3,0.67973831,10119726,3
hfiatnv8,4/1/2024,2404.985,7432030,2360350,1,0.702290076,0,2,131,3173.095833,8374.833787,-5138,-7295,3,0.670897149,10119726,4
hfiatnv8,5/1/2024,3053.275,7427493,2356248,1,0.749303621,0,11,359,3051.33,4562.668897,-4102,-4537,4,0.685716418,0,5
hfiatnv8,6/1/2024,2513.89,7414889,2352892,0,0.689285714,0,5,280,2829.254166,9230.726705,-3356,-12604,3,0.713626471,0,6
hfiatnv8,7/1/2024,2604.54,8287967,2352892,1,0.676356589,0,10,516,2786.233333,350194.8975,0,873078,4,0.704981975,0,7
hfiatnv8,8/1/2024,2468.76,8282255,2345588,1,0.685654008,400551,12,474,2661.7325,442461.0604,-7304,-5712,4,0.683765437,400551,8
hfiatnv8,9/1/2024,3315.055,8274024,2344996,0,0.648979592,258848,4,245,2726.750833,469239.9128,-592,-8231,4,0.670330063,659399,9
hfiatnv8,10/1/2024,3536.555,8256952,2343057,0,0.604938272,18573,8,405,2915.345833,441201.7616,-1939,-17072,3,0.646523957,677972,10
hfiatnv8,11/1/2024,2591.545,8253608,2336682,0,0.681415929,299003,9,452,2838.390833,349754.16,-6375,-3344,2,0.645111264,576424,11
hfiatnv8,12/1/2024,2363.825,8251451,2333692,0,0.706542056,0,11,535,2813.38,15752.62338,-2990,-2157,2,0.664298752,317576,12
hfiatnv8,1/1/2025,2379.16,8250543,2331816,0,0.764705882,0,0,68,2775.816666,13353.81721,-1876,-908,1,0.717554623,299003,1
hfiatnv8,2/1/2025,1959.34,8235133,2328885,0,0.731034483,0,3,145,2690.913333,12516.92638,-2931,-15410,0,0.73409414,0,2
hfiatnv8,3/1/2025,2015.96,8224372,2327169,0,0.233333333,0,0,30,2474.3975,12739.33837,-1716,-10761,0,0.576357899,0,3
jla6nu3p,8/1/2022,9181.53,6157095,2725818,0,0,0,0,0,9181.53,0,0,0,0,0,0,8
jla6nu3p,9/1/2022,11326.315,6267740,2724330,0,0,0,2,40,10253.9225,78237.8298,-1488,110645,0,0,0,9
jla6nu3p,10/1/2022,8111.67,6387042,2721716,0,0.555555556,0,1,27,9539.838333,115000.6565,-2614,119302,0,0.185185185,0,10
jla6nu3p,11/1/2022,8916.57,6460584,2718405,1,0.610169492,0,3,118,9384.02125,133558.2623,-3311,73542,1,0.388575016,0,11
jla6nu3p,12/1/2022,12755.92,6562667,2713392,1,0.538461538,0,1,39,10058.401,159183.7579,-5013,102083,2,0.568062195,0,12
jla6nu3p,1/1/2023,8583.83,6675649,2710692,1,0.663265306,0,2,98,9812.639166,190121.8263,-2700,112982,3,0.603965445,0,1
jla6nu3p,2/1/2023,7378.06,6690661,2706900,0,0.662921348,313549580,2,89,9512.060833,166770.1787,-3792,15012,3,0.621549398,313549580,2
jla6nu3p,3/1/2023,7993.13,6786067,2702285,0,0.5625,0,0,32,8956.53,151335.7496,-4615,95406,3,0.629562218,313549580,3
jla6nu3p,4/1/2023,6806.675,6903049,2691873,0,0.681818182,0,1,44,8739.030833,156871.779,-10412,116982,3,0.63574651,313549580,4
jla6nu3p,5/1/2023,6492.805,6987502,2690634,0,0.7,0,0,30,8335.07,157109.1862,-1239,84453,2,0.648106061,0,5
jla6nu3p,6/1/2023,7356.29,7082747,2683786,0,0.704081633,0,2,98,7435.131666,164716.0657,-6848,95245,1,0.695299938,0,6
jla6nu3p,7/1/2023,5957.015,7171186,2674385,0,0.609195402,0,2,87,6997.329166,180694.1963,-9401,88439,0,0.671092345,0,7
jla6nu3p,8/1/2023,7002.185,7253173,2671410,0,0,0,1,15,6934.683333,173173.6435,-2975,81987,0,0.437759012,0,8
jla6nu3p,9/1/2023,5886.015,7347218,2668329,1,0.737288136,0,2,118,6583.4975,166066.9677,-3081,94045,1,0.448827846,0,9
jla6nu3p,10/1/2023,7595.185,7407298,2668329,0,0.634686347,0,6,271,6714.915833,159251.1766,0,60080,1,0.457324827,0,10
jla6nu3p,11/1/2023,7245.43,7424011,2658389,1,0.767759563,18368254,8,366,6840.353333,136327.4298,-9940,16713,2,0.713244682,18368254,11
jla6nu3p,12/1/2023,9374.71,7442707,2658389,1,0.584229391,7375090,12,558,7176.756666,107906.9759,0,18696,3,0.6622251,25743344,12
jla6nu3p,1/1/2024,4752.435,7451753,2656981,0,0.581699346,0,3,153,6975.993333,75587.60873,-1408,9046,3,0.644562767,25743344,1
jla6nu3p,2/1/2024,5339.53,7458367,2653410,1,0.436619718,0,3,142,6698.884166,41107.2997,-3571,6614,4,0.534182818,7375090,2
jla6nu3p,3/1/2024,5150.465,7458591,2651867,0,0.61423221,0,6,267,6576.2925,20747.34842,-1543,224,3,0.544183758,0,3
jla6nu3p,4/1/2024,4649.665,7443386,2646311,0,0.625,0,1,80,6085.3725,12995.73192,-5556,-15205,3,0.558617309,0,4
jla6nu3p,5/1/2024,5280.665,7430488,2641879,0,0.431034483,0,1,58,5757.911666,10848.79493,-4432,-12898,2,0.556755564,0,5
jla6nu3p,6/1/2024,3643.85,7412309,2637894,0,0.433333333,0,1,30,4802.768333,18181.68159,-3985,-18179,1,0.496455939,0,6
jla6nu3p,7/1/2024,4376.515,7400223,2637894,0,0.615384615,0,2,91,4740.115,24125.57524,0,-12086,1,0.49325081,0,7
jla6nu3p,8/1/2024,4243.39,7379408,2629388,0,0.705882353,0,0,34,4557.425,29123.61959,-8506,-20815,0,0.584866767,0,8
jla6nu3p,9/1/2024,3577.805,7366897,2628632,0,0,0,0,9,4295.315,29342.55784,-756,-12511,0,0.440422323,0,9
jla6nu3p,10/1/2024,4663.64,7356989,2626356,0,0.714285714,0,0,21,4297.644166,28179.78039,-2276,-9908,0,0.473389356,0,10
jla6nu3p,11/1/2024,3872.715,7339561,2619383,0,0.733333333,0,0,15,4062.985833,27161.48927,-6973,-17428,0,0.482539683,0,11
jla6nu3p,12/1/2024,5293.505,7400996,2616203,0,0.347826087,0,0,46,4337.928333,24378.46077,-3180,61435,0,0.598481712,0,12
jla6nu3p,1/1/2025,5797.07,7318752,2614116,0,0.230769231,0,0,26,4574.6875,29092.94817,-2087,-82244,0,0.43730955,0,1
jla6nu3p,2/1/2025,3229.585,7300547,2610821,1,0.745098039,0,1,51,4405.72,35838.25448,-3295,-18205,1,0.441231119,0,2
jla6nu3p,3/1/2025,3219.07,7285883,2608877,0,0.772727273,0,0,22,4345.930833,41747.96665,-1944,-14664,1,0.582864848,0,3
k74pw1av,9/1/2022,767128.865,6885164,1322242,0,0.306666667,0,7,75,767128.865,0,0,0,0,0.306666667,0,9
k74pw1av,10/1/2022,763683.85,6989893,1327492,0,0.231884058,0,2,69,765406.3575,74054.58609,5250,104729,0,0.269275362,0,10
k74pw1av,11/1/2022,711963.675,7053793,1329596,0,0.27027027,0,5,74,747592.13,85134.31846,2104,63900,0,0.269606998,0,11
k74pw1av,12/1/2022,817729.47,7214600,1333932,0,0.294964029,0,3,139,765126.465,137951.4765,4336,160807,0,0.265706119,0,12
k74pw1av,1/1/2023,754129.245,7226088,1334252,0,0.26,0,3,100,762927.021,146663.2386,320,11488,0,0.2750781,0,1
k74pw1av,2/1/2023,679089.36,7348481,1335218,0,0.216216216,0,2,148,748954.0775,172549.0552,966,122393,0,0.257060082,0,2
k74pw1av,3/1/2023,724576.765,7515413,1335202,0,0.10738255,0,5,149,741862.0608,191980.8584,-16,166932,0,0.194532922,0,3
k74pw1av,4/1/2023,673871.74,7562416,1332312,0,0.202531646,0,2,79,726893.3758,194194.5475,-2890,47003,0,0.175376804,0,4
k74pw1av,5/1/2023,736346.54,7674277,1335695,1,0.169491525,0,8,236,730957.1867,189141.9064,3383,111861,1,0.159801907,0,5
k74pw1av,6/1/2023,656876.35,7706436,1335289,0,0.278409091,0,3,176,704148.3333,187042.605,-406,32159,1,0.216810754,0,6
k74pw1av,7/1/2023,645554.445,7708645,1332956,0,0.341269841,0,2,126,686052.5333,140920.8583,-2333,2209,1,0.263056819,0,7
k74pw1av,8/1/2023,677158.65,7702447,1328923,1,0.301369863,9750,7,292,685730.7483,84374.46765,-4033,-6198,2,0.307016265,9750,8
k74pw1av,9/1/2023,670340.005,7695210,1327418,0,0.37745098,0,4,204,676691.2883,56493.56752,-1505,-7237,2,0.340030228,9750,9
k74pw1av,10/1/2023,694712.01,7663906,1327418,1,0.411111111,0,3,90,680164.6667,18482.86533,0,-31304,3,0.363310652,9750,10
k74pw1av,11/1/2023,703434.85,7659416,1321901,0,0.260504202,0,4,238,674679.385,21970.61972,-5517,-4490,2,0.349688764,0,11
k74pw1av,12/1/2023,818337.53,7914956,1321901,0,0.174887892,0,5,223,701589.5817,95682.48711,0,255540,2,0.282167735,0,12
k74pw1av,1/1/2024,763695.67,7900689,1320626,0,0.110204082,0,6,245,721279.7858,118806.5432,-1275,-14267,2,0.181865392,0,1
k74pw1av,2/1/2024,740514.265,7850738,1317945,1,0.108571429,0,8,350,731839.055,120819.251,-2681,-49951,2,0.131221134,0,2
k74pw1av,3/1/2024,766686.935,7838888,1316985,0,0.189189189,689105,9,222,747896.8767,114532.9261,-960,-11850,2,0.135988233,689105,3
k74pw1av,4/1/2024,851467.08,7814818,1316895,1,0.19,0,6,300,774022.7217,91709.18295,-90,-24070,2,0.162586873,689105,4
k74pw1av,5/1/2024,653592.305,7792693,1315867,0,0.196581197,0,1,117,765715.6308,47764.65911,-1028,-22125,2,0.191923462,689105,5
k74pw1av,6/1/2024,598699.615,7726217,1313486,0,0.296551724,0,1,145,729109.3117,58953.11368,-2381,-66476,2,0.227710974,0,6
k74pw1av,7/1/2024,607166.885,7673862,1313486,0,0.137931034,0,4,290,703021.1808,69214.96117,0,-52355,2,0.210354652,0,7
k74pw1av,8/1/2024,597309.46,7611545,1305594,0,0.214574899,0,1,247,679153.7133,88502.9683,-7892,-62317,1,0.216352552,0,8
k74pw1av,9/1/2024,613184.78,7542109,1305055,0,0.212871287,0,4,202,653570.0208,105498.0649,-539,-69436,1,0.188459073,0,9
k74pw1av,10/1/2024,694109.605,7490406,1303179,1,0.25203252,27657,5,246,627343.775,113722.6322,-1876,-51703,1,0.226492902,27657,10
k74pw1av,11/1/2024,664921.98,7464444,1301411,0,0.146666667,689105,4,225,629232.0542,103792.4953,-1768,-25962,1,0.203856825,716762,11
k74pw1av,12/1/2024,748091.34,7474577,1297566,0,0.219047619,0,2,210,654130.675,84193.54921,-3845,10133,1,0.205915602,716762,12
k74pw1av,1/1/2025,765652.07,7447822,1295221,0,0.112745098,0,2,204,680544.8725,61288.55617,-2345,-26755,1,0.159486461,689105,1
k74pw1av,2/1/2025,693572.165,7415392,1289246,0,0.160305344,0,0,131,696588.6567,42674.50694,-5975,-32430,1,0.164032687,0,2
k74pw1av,3/1/2025,739864.025,7439274,1287827,1,0.134502924,0,2,171,717701.8642,26806.88763,-1419,23882,2,0.135851122,0,3
kcw3uapo,9/1/2022,53682.4,6390219,1035894,0,0.552980132,0,7,302,53682.4,0,0,0,0,0.552980132,0,9
kcw3uapo,10/1/2022,49889.175,6380557,1034746,0,0.491017964,0,5,167,51785.7875,6832.06572,-1148,-9662,0,0.521999048,0,10
kcw3uapo,11/1/2022,55499.19,6374720,1033967,1,0.542780749,103190,8,374,53023.58833,7827.769095,-779,-5837,1,0.528926282,103190,11
kcw3uapo,12/1/2022,56751.42,6370705,1033145,0,0.467948718,2060046,5,156,53955.54625,8473.596929,-822,-4015,1,0.500582477,2163236,12
kcw3uapo,1/1/2023,51958.28,6369043,1033384,0,0.566371681,0,6,226,53556.093,8595.37051,239,-1662,1,0.525700383,2163236,1
kcw3uapo,2/1/2023,45783.39,6369808,1032325,1,0.559090909,516698,4,220,52260.6425,8236.656652,-1059,765,2,0.531137103,2576744,2
kcw3uapo,3/1/2023,49518.94,6367417,1031011,1,0.482625483,0,4,259,51566.7325,4834.043015,-1314,-2391,3,0.536029358,516698,3
kcw3uapo,4/1/2023,41615.705,6368630,1028453,0,0.508064516,0,5,248,50187.82083,2540.060584,-2558,1213,3,0.516593636,516698,4
kcw3uapo,5/1/2023,38821.505,6350595,1027040,1,0.543478261,2060046,5,230,47408.20667,7643.690444,-1413,-18035,3,0.51138942,2060046,5
kcw3uapo,6/1/2023,39513.37,6331691,1024956,1,0.374269006,1559789,8,342,44535.19833,15466.04905,-2084,-18904,4,0.475270594,3619835,6
kcw3uapo,7/1/2023,39436.565,6309094,1022477,1,0.342494715,0,10,473,42448.24583,24699.74004,-2479,-22597,5,0.42008066,3619835,7
kcw3uapo,8/1/2023,41444.55,6321582,1021837,0,0.536764706,189562,9,408,41725.10583,24631.43862,-640,12488,4,0.417842809,1749351,8
kcw3uapo,9/1/2023,36242.89,6334646,1021080,1,0.356088561,31028,10,542,39512.43083,21118.39881,-757,13064,4,0.41178266,220590,9
kcw3uapo,10/1/2023,39962.32,6336271,1021080,0,0.498687664,0,8,381,39236.86667,14094.96399,0,1625,4,0.463846977,220590,10
kcw3uapo,11/1/2023,33537.51,6356201,1021181,0,0.32304038,0,8,421,38356.20083,15768.27191,101,19930,3,0.392605535,31028,11
kcw3uapo,12/1/2023,39697.39,6371071,1021181,1,0.479166667,0,9,384,38386.87083,22557.43361,0,14870,3,0.43363157,0,12
kcw3uapo,1/1/2024,31637.815,6366392,1021123,0,0.457711443,0,3,201,37087.07917,19753.684,-58,-4679,2,0.41997283,0,1
kcw3uapo,2/1/2024,30515.555,6339757,1020631,1,0.519685039,189562,8,254,35265.58,15982.18094,-492,-26635,3,0.48552105,189562,2
kcw3uapo,3/1/2024,33086.905,6321034,1020087,0,0.475862069,0,3,145,34739.5825,19335.12989,-544,-18723,2,0.484419517,189562,3
kcw3uapo,4/1/2024,29875.83,6296082,1017957,1,0.521126761,0,3,142,33058.50083,28963.67141,-2130,-24952,3,0.505557956,189562,4
kcw3uapo,5/1/2024,29070.42,6296621,1016577,1,0.455399061,182799,2,213,32313.98583,32958.67706,-1380,539,4,0.484129297,182799,5
kcw3uapo,6/1/2024,24645.785,6283905,1015556,0,0.323809524,0,3,105,29805.385,31373.02869,-1021,-12716,3,0.433445115,182799,6
kcw3uapo,7/1/2024,24524.1,6271888,1015556,0,0.405063291,0,4,158,28619.76583,24838.58052,0,-12017,3,0.394757292,182799,7
kcw3uapo,8/1/2024,24055.205,6327566,1013095,1,0.446902655,0,4,226,27543.04083,21340.14953,-2461,55678,3,0.391925157,0,8
kcw3uapo,9/1/2024,24351.48,6337008,1013002,0,0.366120219,0,2,183,26087.13667,25207.56846,-93,9442,3,0.406028722,0,9
kcw3uapo,10/1/2024,25069.725,6335989,1013812,0,0.334494774,0,6,287,25286.11917,28346.69409,810,-1019,2,0.382505882,0,10
kcw3uapo,11/1/2024,27701.88,6341894,1013184,1,0.523364486,0,5,214,25058.02917,30398.29468,-628,5905,2,0.407993159,0,11
kcw3uapo,12/1/2024,28646.005,6345483,1012761,0,0.459016393,0,3,183,25724.7325,27500.11399,-423,3589,2,0.438958551,0,12
kcw3uapo,1/1/2025,23828.58,6333626,1012489,0,0.465753425,0,5,219,25608.8125,6281.521302,-272,-11857,2,0.482711435,0,1
kcw3uapo,2/1/2025,20136.245,6324518,1012119,1,0.573248408,0,5,314,24955.6525,7240.140735,-370,-9108,2,0.499339409,0,2
kcw3uapo,3/1/2025,21594.33,6319659,1011750,0,0.592391304,0,5,368,24496.1275,9924.790848,-369,-4859,2,0.543797712,0,3
pymr5w10,9/1/2022,22590.67,11407878,2155873,0,0.698412698,0,16,189,22590.67,0,0,0,0,0.698412698,0,9
pymr5w10,10/1/2022,15979.01,11484084,2192171,1,0.670112782,0,32,1064,19284.84,53885.77937,36298,76206,1,0.68426274,0,10
pymr5w10,11/1/2022,19648.61,11525038,2213704,0,0.598720293,591615,34,1094,19406.09667,59457.33786,21533,40954,1,0.655748591,591615,11
pymr5w10,12/1/2022,21106.52,11725933,2271510,0,0.59916368,4491039,31,1674,19831.2025,135775.4804,57806,200895,1,0.622665585,5082654,12
pymr5w10,1/1/2023,13046.135,12008508,2305053,0,0.625095639,227003553,24,1307,18474.189,241928.5611,33543,282575,1,0.60765987,232086207,1
pymr5w10,2/1/2023,15251.395,12205450,2312423,0,0.627180233,591615,34,1376,17937.05667,319309.7644,7370,196942,1,0.617146517,232086207,2
pymr5w10,3/1/2023,16340.255,12391515,2312676,1,0.653669725,0,20,872,16895.32083,371470.8975,253,186065,2,0.635315199,227595168,3
pymr5w10,4/1/2023,16719.72,12501033,2303965,1,0.657213317,12560091,20,811,17018.7725,381052.0888,-8711,109518,2,0.646021091,13151706,4
pymr5w10,5/1/2023,21512.015,12696382,2301133,1,0.742314647,0,29,1106,17329.34,351315.1917,-2832,195349,3,0.68439923,12560091,5
pymr5w10,6/1/2023,17894.93,12926496,2296850,1,0.678599222,713457,44,1285,16794.075,331165.6309,-4283,230114,4,0.692709062,13273548,6
pymr5w10,7/1/2023,17037.025,13351805,2362529,0,0.530336098,13529374,34,2291,17459.22333,412987.2063,65679,425309,4,0.650416656,14242831,7
pymr5w10,8/1/2023,16492.635,13546157,2374126,1,0.556811048,2952075,29,1593,17666.09667,465082.9483,11597,194352,5,0.588582123,17194906,8
pymr5w10,9/1/2023,17615.54,13646738,2375420,1,0.652701882,5425805,35,1647,17878.64417,471671.9801,1294,100581,5,0.579949676,21907254,9
pymr5w10,10/1/2023,17639.88,13723107,2375420,1,0.672566372,15644821,30,1582,18032.00417,415935.8365,0,76369,5,0.627359767,24022701,10
pymr5w10,11/1/2023,18986.075,13836498,2398538,1,0.598360656,5142645,26,1586,17611.01417,327835.5154,23118,113391,5,0.641209637,26213271,11
pymr5w10,12/1/2023,22324.335,13918650,2398538,0,0.602660497,313549580,41,1729,18349.24833,204691.7546,0,82152,4,0.624529175,334337046,12
pymr5w10,1/1/2024,15232.29,14027714,2400500,0,0.618390805,2778151,23,1305,18048.45917,178547.9693,1962,109064,4,0.606470653,321470376,1
pymr5w10,2/1/2024,17082.92,14117342,2408674,1,0.585137507,249663070,33,1709,18146.84,179190.9415,8174,89628,4,0.602062936,565990801,2
pymr5w10,3/1/2024,15720.685,14162732,2409782,0,0.590522479,19115406,36,1646,17831.03083,169357.4769,1108,45390,3,0.59801693,271556627,3
pymr5w10,4/1/2024,13128.945,14210551,2409005,0,0.6107171,88968,27,1269,17079.20833,145763.8557,-777,47819,2,0.595459029,268867444,4
pymr5w10,5/1/2024,15023.3,14206879,2408541,0,0.601147776,1174288,24,1394,16418.74583,114606.3242,-464,-3672,1,0.600795785,20378662,5
pymr5w10,6/1/2024,12345.185,14180540,2407328,1,0.630798969,11295924,33,1552,14755.55417,69298.37612,-1213,-26339,2,0.614221282,12559180,6
pymr5w10,7/1/2024,11948,14166674,2407328,0,0.584237579,2328942,37,1751,14208.1725,34206.59874,0,-13866,2,0.605394775,14799154,7
pymr5w10,8/1/2024,13659.52,14135852,2404927,1,0.543628809,0,31,1444,13637.60583,28404.45217,-2401,-30822,2,0.586221785,13624866,8
pymr5w10,9/1/2024,11208.57,14104726,2404288,0,0.635426429,4685712,25,1067,12885.58667,41272.2204,-639,-31126,2,0.587764272,7014654,9
pymr5w10,10/1/2024,14558.85,14076469,2404216,0,0.660597232,5038554,33,1373,13123.90417,48915.90101,-72,-28257,2,0.61321749,9724266,10
pymr5w10,11/1/2024,17355.06,14082783,2394512,1,0.668327796,2259134,33,1806,13512.53083,43557.52882,-9704,6314,3,0.654783819,11983400,11
pymr5w10,12/1/2024,16406.24,14083183,2375196,0,0.621772505,11720098,27,1433,14189.37333,35985.00095,-19316,400,2,0.650232511,19017786,12
pymr5w10,1/1/2025,15766.56,14156004,2372110,1,0.657246377,23301348,32,1380,14825.8,32629.35024,-3086,72821,3,0.649115559,37280580,1
pymr5w10,2/1/2025,12504.235,14369002,2377371,1,0.691194969,13529374,33,1590,14633.2525,113408.9864,5261,212998,3,0.65673795,48550820,2
pymr5w10,3/1/2025,9801.135,14452597,2377276,0,0.666666667,1193525,21,1599,14398.68,165457.9057,-95,83595,3,0.671702671,38024247,3
r976ytqo,8/1/2022,13656.385,8737036,3229811,0,0.583333333,0,2,12,13656.385,0,0,0,0,0.583333333,0,8
r976ytqo,9/1/2022,12392.74,8719954,3220627,0,0.555555556,0,2,27,13024.5625,12078.79804,-9184,-17082,0,0.569444444,0,9
r976ytqo,10/1/2022,13005.565,8717373,3209763,0,0.2,0,1,10,13018.23,10685.58105,-10864,-2581,0,0.446296296,0,10
r976ytqo,11/1/2022,10828.325,8699773,3200239,0,0.440860215,0,2,93,12470.75375,15249.73711,-9524,-17600,0,0.398805257,0,11
r976ytqo,12/1/2022,11019.775,8671409,3184249,0,0.425531915,0,0,47,12180.558,24871.04715,-15990,-28364,0,0.355464043,0,12
r976ytqo,1/1/2023,10204.375,8648035,3175717,0,0.505617978,0,3,89,11851.19417,33414.47942,-8532,-23374,0,0.457336702,0,1
r976ytqo,2/1/2023,10325.815,8607793,3165047,0,0.476190476,0,3,63,11296.09917,43937.60091,-10670,-40242,0,0.469113456,0,2
r976ytqo,3/1/2023,11179.41,8589396,3154697,0,0.610091743,0,6,218,11093.8775,50483.23422,-10350,-18397,0,0.530633399,0,3
r976ytqo,4/1/2023,9406.705,8569120,3131288,0,0.523560209,0,6,191,10494.0675,50500.21516,-23409,-20276,0,0.536614143,0,4
r976ytqo,5/1/2023,10406.585,8538640,3121985,0,0.586206897,0,0,58,10423.7775,49394.81031,-9303,-30480,0,0.573286283,0,5
r976ytqo,6/1/2023,10138.345,8518676,3105326,0,0.414285714,0,2,70,10276.8725,47047.97821,-16659,-19964,0,0.508017607,0,6
r976ytqo,7/1/2023,8239.735,8503516,3084795,0,0.475,0,0,80,9949.4325,41002.15259,-20531,-15160,0,0.49183087,0,7
r976ytqo,8/1/2023,8971.455,8477794,3075868,0,-0.058823529,0,0,17,9723.705833,41566.89979,-8927,-25722,0,0.276820728,0,8
r976ytqo,9/1/2023,8538.265,8477794,3068679,0,0,0,0,0,9283.515,35772.83002,-7189,0,0,0.13872549,0,9
r976ytqo,10/1/2023,8659.145,8477794,3068679,0,0,0,0,0,9158.921666,25799.0097,0,0,0,-0.019607843,0,10
r976ytqo,11/1/2023,8329.755,8477794,3048677,0,0,0,0,0,8812.783333,17852.78917,-20002,0,0,0,0,11
r976ytqo,12/1/2023,10266.755,8477794,3048677,0,0,0,0,0,8834.185,10500.96253,0,0,0,0,0,12
r976ytqo,1/1/2024,9463.975,8432119,3046281,0,0.717948718,0,1,39,9038.225,18646.74067,-2396,-45675,0,0.239316239,0,1
r976ytqo,2/1/2024,8496.455,8380888,3040171,0,0.497737557,0,6,221,8959.058333,40221.27514,-6110,-51231,0,0.405228758,0,2
r976ytqo,3/1/2024,8452.29,8309243,3034479,0,0.645962733,0,2,161,8944.729166,68923.96462,-5692,-71645,0,0.620549669,0,3
r976ytqo,4/1/2024,7992.015,8268796,3023138,0,0.565110565,0,9,407,8833.540833,87723.86135,-11341,-40447,0,0.569603618,0,4
r976ytqo,5/1/2024,7976.785,8215106,3015020,0,0.617449664,0,3,149,8774.7125,100436.6107,-8118,-53690,0,0.609507654,0,5
r976ytqo,6/1/2024,6989.72,8192357,3006955,0,0.568965517,0,1,58,8228.54,93649.40741,-8065,-22749,0,0.583841916,0,6
r976ytqo,7/1/2024,6359.15,8170535,3006955,1,0.316326531,0,0,98,7711.069166,79526.65153,0,-21822,1,0.500913904,0,7
r976ytqo,8/1/2024,6868.35,8055008,2986423,0,0.555555556,0,0,36,7439.718333,88118.17478,-20532,-115527,1,0.480282534,0,8
r976ytqo,9/1/2024,6344.445,8035037,2985554,0,0.541666667,0,0,24,7088.410833,92283.11724,-869,-19971,1,0.471182918,0,9
r976ytqo,10/1/2024,7900.715,8019510,2981352,0,0.484848485,0,0,33,7073.194166,87406.99797,-4202,-15527,1,0.527356902,0,10
r976ytqo,11/1/2024,6671.17,7994939,2970416,0,0.366666667,0,0,30,6855.591666,82867.18059,-10936,-24571,1,0.464393939,0,11
r976ytqo,12/1/2024,6583.83,7979415,2960806,0,0.347826087,0,0,46,6787.943333,68374.50136,-9610,-15524,1,0.399780413,0,12
r976ytqo,1/1/2025,6853.68,7963404,2956868,0,0.551724138,0,0,29,6870.365,34784.04241,-3938,-16011,0,0.422072297,0,1
r976ytqo,2/1/2025,7310.755,7936322,2948199,0,0.394736842,0,0,38,6944.099166,36339.30322,-8669,-27082,0,0.431429022,0,2
r976ytqo,3/1/2025,6509.91,7918368,2943777,0,0.658536585,0,0,41,6971.676666,37402.23365,-4422,-17954,0,0.534999188,0,3
